{
  "release": {
    "phi": 1.4,
    "phiDot": 3.5
  },
  "dir": 1,
  "duration": 3,
  "fps": 30,
  "oldParams": {
    "G": 5,
    "D": 6.5,
    "omega": 12,
    "Db": 6,
    "kappa": 0.05,
    "b0": 0.4,
    "bMax": 0.7
  },
  "newParams": {
    "G": 10,
    "D": 4,
    "omega": 18,
    "Db": 18,
    "kappa": 0.08,
    "b0": 0.4,
    "bMax": 0.7
  },
  "oldSettledAt": null,
  "newSettledAt": 0.7999999999999984,
  "oldFinal": {
    "t": 3.000000000000044,
    "phi": 3.022933108259821,
    "phiDot": 0.10524751420016061,
    "b": 0.40000380629929455,
    "settled": false
  },
  "newFinal": {
    "t": 3.000000000000044,
    "phi": 3.141592653589793,
    "phiDot": 3.0612163564452074e-16,
    "b": 0.39999999999977504,
    "settled": true
  }
}